{
  "Andaman and Nicobar": [
    "Nicobar",
    "North and Middle Andaman",
    "South Andaman"
  ],
  "Andhra Pradesh": [
    "Anantapur",
    "Chittoor",
    "East Godavari",
    "Guntur",
    "Kadapa",
    "Krishna",
    "Kurnool",
    "Prakasam",
    "Srikakulam",
    "Sri Potti Sriramulu Nellore",
    "Visakhapatnam",
    "Vizianagaram",
    "West Godavari"
  ],
  "Arunachal Pradesh": [
    "Anjaw",
    "Changlang",
    "Kurung Kumey",
    "Lohit",
    "Lower Dibang Valley",
    "Lower Subansiri",
    "Namsai",
    "Papum Pare",
    "Siang",
    "Tawang",
    "Tirap",
    "Upper Dibang Valley",
    "Upper Siang",
    "Upper Subansiri",
    "West Siang"
  ],
  "Assam": [
    "Baksa",
    "Barpeta",
    "Bongaigaon",
    "Cachar",
    "Charaideo",
    "Darrang",
    "Dhemaji",
    "Dhubri",
    "Dibrugarh",
    "Dima Hasao",
    "Goalpara",
    "Golaghat",
    "Hailakandi",
    "Hojai",
    "Jorhat",
    "Kamrup Metropolitan",
    "Kamrup",
    "Karbi Anglong",
    "Karimganj",
    "Kokrajhar",
    "Lakhimpur",
    "Majuli",
    "Morigaon",
    "Nagaon",
    "Nalbari",
    "Sivasagar",
    "Sonitpur",
    "South Salmara",
    "Tinsukia",
    "Udalguri",
    "West Karbi Anglong"
  ],
  "Bihar": [
    "Araria",
    "Arwal",
    "Aurangabad",
    "Begusarai",
    "Bhagalpur",
    "Buxar",
    "Darbhanga",
    "East Champaran",
    "Gaya",
    "Jamui",
    "Jehanabad",
    "Kaimur",
    "Katihar",
    "Khagaria",
    "Kishanganj",
    "Lakhisarai",
    "Madhepura",
    "Madhubani",
    "Munger",
    "Muzaffarpur",
    "Nalanda",
    "Nawada",
    "Patna",
    "Purnia",
    "Rohtas",
    "Saharsa",
    "Samastipur",
    "Saran",
    "Sheikhpura",
    "Sheohar",
    "Sitamarhi",
    "Siwan",
    "Supaul"
  ],
  "Chandigarh": [
    "Chandigarh"
  ],
  "Chhattisgarh": [
    "Baloda Bazar",
    "Balod",
    "Balrampur",
    "Bastar",
    "Bemetara",
    "Bijapur",
    "Dantewada",
    "Dhamtari",
    "Durg",
    "Gariaband",
    "Janjgir-Champa",
    "Jashpur",
    "Kabirdham",
    "Kanker",
    "Kondagaon",
    "Korba",
    "Koriya",
    "Mahasamund",
    "Mungeli",
    "Narayanpur",
    "Raigarh",
    "Raipur",
    "Rajnandgaon",
    "Sukma",
    "Surajpur",
    "Surguja"
  ],
  "Dadra and Nagar Haveli and Daman and Diu": [
    "Dadra and Nagar Haveli",
    "Diu"
  ],
  "Delhi": [
    "Central Delhi",
    "East Delhi",
    "New Delhi",
    "North Delhi",
    "North East Delhi",
    "North West Delhi",
    "Shahdara",
    "South Delhi",
    "South East Delhi",
    "South West Delhi",
    "West Delhi"
  ],
  "Goa": [
    "North Goa",
    "South Goa"
  ],
  "Gujarat": [
    "Ahmedabad",
    "Amreli",
    "Anand",
    "Aravalli",
    "Banaskantha",
    "Bharuch",
    "Bhavnagar",
    "Botad",
    "Dahod",
    "Devbhoomi Dwarka",
    "Gandhinagar",
    "Jamnagar",
    "Junagadh",
    "Kheda",
    "Kutch",
    "Mahisagar",
    "Mehsana",
    "Morbi",
    "Narmada",
    "Navsari",
    "Panchmahal",
    "Patan",
    "Porbandar",
    "Rajkot",
    "Sabarkantha",
    "Surat",
    "Surendranagar",
    "Tapi",
    "Vadodara",
    "Valsad"
  ],
  "Haryana": [
    "Ambala",
    "Bhiwani",
    "Charkhi Dadri",
    "Faridabad",
    "Fatehabad",
    "Gurgaon",
    "Hissar",
    "Jhajjar",
    "Jind",
    "Kaithal",
    "Karnal",
    "Kurukshetra",
    "Mahendragarh",
    "Nuh",
    "Palwal",
    "Panchkula",
    "Panipat",
    "Rewari",
    "Rohtak",
    "Sirsa",
    "Sonipat",
    "Yamuna Nagar"
  ],
  "Himachal Pradesh": [
    "Chamba",
    "Kangra",
    "Kinnaur",
    "Lahaul and Spiti",
    "Shimla",
    "Sirmaur",
    "Solan",
    "Una"
  ],
  "Jammu and Kashmir": [
    "Anantnag",
    "Badgam",
    "Bandipora",
    "Baramulla",
    "Doda",
    "Ganderbal",
    "Jammu",
    "Kathua",
    "Kishtwar",
    "Kulgam",
    "Kupwara",
    "Pulwama",
    "Rajouri",
    "Ramban",
    "Reasi",
    "Samba",
    "Shopian",
    "Srinagar",
    "Udhampur"
  ],
  "Jharkhand": [
    "Bokaro",
    "Chatra",
    "Deoghar",
    "Dhanbad",
    "Dumka",
    "East Singhbhum",
    "Garhwa",
    "Giridih",
    "Godda",
    "Gumla",
    "Hazaribag",
    "Jamtara",
    "Khunti",
    "Koderma",
    "Latehar",
    "Lohardaga",
    "Pakur",
    "Palamu",
    "Ramgarh",
    "Ranchi",
    "Sahibganj",
    "Seraikela Kharsawan",
    "Simdega",
    "West Singhbhum"
  ],
  "Karnataka": [
    "Bagalkot",
    "Ballari",
    "Bangalore Rural",
    "Bangalore Urban",
    "Belgaum",
    "Bidar",
    "Chamarajnagar",
    "Chikkaballapur",
    "Chikkamagaluru",
    "Chitradurga",
    "Dakshina Kannada",
    "Davanagere",
    "Dharwad",
    "Gadag",
    "Gulbarga",
    "Haveri",
    "Kodagu",
    "Kolar",
    "Koppal",
    "Mandya",
    "Mysuru",
    "Raichur",
    "Ramanagara",
    "Shimoga",
    "Tumakuru",
    "Udupi",
    "Uttara Kannada",
    "Vijayapura",
    "Yadgir"
  ],
  "Kerala": [
    "Alappuzha",
    "Ernakulam",
    "Idukki",
    "Kannur",
    "Kasaragod",
    "Kollam",
    "Kottayam",
    "Kozhikode",
    "Malappuram",
    "Palakkad",
    "Pathanamthitta",
    "Thiruvananthapuram",
    "Thrissur",
    "Wayanad"
  ],
  "Ladakh": [
    "Kargil",
    "Leh"
  ],
  "Lakshadweep": [
    "Lakshadweep"
  ],
  "Madhya Pradesh": [
    "Agar Malwa",
    "Alirajpur",
    "Anuppur",
    "Ashok Nagar",
    "Balaghat",
    "Barwani",
    "Betul",
    "Bhind",
    "Bhopal",
    "Burhanpur",
    "Chachaura-Binaganj",
    "Chhatarpur",
    "Chhindwara",
    "Damoh",
    "Datia",
    "Dewas",
    "Dhar",
    "Dindori",
    "Guna",
    "Gwalior",
    "Harda",
    "Hoshangabad",
    "Indore",
    "Jabalpur",
    "Jhabua",
    "Katni",
    "Maihar",
    "Mandla",
    "Mandsaur",
    "Morena",
    "Narsinghpur",
    "Neemuch",
    "Panna",
    "Raisen",
    "Rajgarh",
    "Ratlam",
    "Rewa",
    "Sagar",
    "Satna",
    "Sehore",
    "Seoni",
    "Shahdol",
    "Shajapur",
    "Sheopur",
    "Shivpuri",
    "Sidhi",
    "Singrauli",
    "Tikamgarh",
    "Ujjain",
    "Umaria",
    "Vidisha"
  ],
  "Maharashtra": [
    "Ahmednagar",
    "Akola",
    "Amravati",
    "Aurangabad",
    "Beed",
    "Bhandara",
    "Buldhana",
    "Chandrapur",
    "Dhule",
    "Gadchiroli",
    "Gondia",
    "Hingoli",
    "Jalgaon",
    "Jalna",
    "Kolhapur",
    "Latur",
    "Mumbai City",
    "Mumbai suburban",
    "Nagpur",
    "Nanded",
    "Nandurbar",
    "Nashik",
    "Osmanabad",
    "Palghar",
    "Parbhani",
    "Pune",
    "Raigad",
    "Ratnagiri",
    "Sangli",
    "Satara",
    "Sindhudurg",
    "Solapur",
    "Thane",
    "Wardha",
    "Washim",
    "Yavatmal"
  ],
  "Manipur": [
    "Bishnupur",
    "Chandel",
    "Churachandpur",
    "Imphal East",
    "Imphal West",
    "Jiribam",
    "Kakching",
    "Kamjong",
    "Kangpokpi",
    "Tamenglong",
    "Tengnoupal",
    "Thoubal",
    "Ukhrul"
  ],
  "Meghalaya": [
    "East Garo Hills",
    "East Khasi Hills",
    "North Garo Hills",
    "Ri Bhoi",
    "South Garo Hills",
    "West Garo Hills",
    "West Jaintia Hills",
    "West Khasi Hills"
  ],
  "Mizoram": [
    "Aizawl",
    "Champhai",
    "Hnahthial",
    "Khawzawl",
    "Kolasib",
    "Lawngtlai",
    "Lunglei",
    "Mamit",
    "Saiha",
    "Saitual",
    "Serchhip"
  ],
  "Nagaland": [
    "Dimapur",
    "Kiphire",
    "Kohima",
    "Longleng",
    "Mokokchung",
    "Mon",
    "Noklak",
    "Peren",
    "Phek",
    "Tuensang",
    "Wokha",
    "Zunheboto"
  ],
  "Odisha": [
    "Angul",
    "Balangir",
    "Balasore",
    "Bhadrak",
    "Cuttack",
    "Dhenkanal",
    "Gajapati",
    "Ganjam",
    "Jagatsinghpur",
    "Jajpur",
    "Jharsuguda",
    "Kalahandi",
    "Kandhamal",
    "Kendrapara",
    "Khordha",
    "Koraput",
    "Malkangiri",
    "Mayurbhanj",
    "Nabarangpur",
    "Nayagarh",
    "Nuapada",
    "Puri",
    "Rayagada",
    "Sambalpur",
    "Sundargarh"
  ],
  "Puducherry": [
    "Karaikal",
    "Pondicherry",
    "Yanam"
  ],
  "Punjab": [
    "Amritsar",
    "Barnala",
    "Bathinda",
    "Faridkot",
    "Fatehgarh Sahib",
    "Fazilka",
    "Firozpur",
    "Gurdaspur",
    "Hoshiarpur",
    "Jalandhar",
    "Kapurthala",
    "Ludhiana",
    "Moga",
    "Pathankot",
    "Patiala",
    "Rupnagar",
    "Sahibzada Ajit Singh Nagar",
    "Sangrur",
    "Shahid Bhagat Singh Nagar",
    "Sri Muktsar Sahib",
    "Tarn Taran"
  ],
  "Rajasthan": [
    "Ajmer",
    "Alwar",
    "Banswara",
    "Baran",
    "Barmer",
    "Bharatpur",
    "Bhilwara",
    "Bikaner",
    "Bundi",
    "Chittorgarh",
    "Churu",
    "Dausa",
    "Dholpur",
    "Dungarpur",
    "Ganganagar",
    "Hanumangarh",
    "Jaipur",
    "Jaisalmer",
    "Jalore",
    "Jhalawar",
    "Jhunjhunu",
    "Jodhpur",
    "Karauli",
    "Kota",
    "Nagaur",
    "Pali",
    "Rajsamand",
    "Sawai Madhopur",
    "Sikar",
    "Sirohi",
    "Tonk",
    "Udaipur"
  ],
  "Sikkim": [
    "East Sikkim",
    "North Sikkim",
    "South Sikkim",
    "West Sikkim"
  ],
  "Tamil Nadu": [
    "Ariyalur",
    "Chengalpattu",
    "Chennai",
    "Coimbatore",
    "Cuddalore",
    "Dharmapuri",
    "Dindigul",
    "Erode",
    "Kallakurichi",
    "Kanchipuram",
    "Kanyakumari",
    "Karur",
    "Krishnagiri",
    "Madurai",
    "Mayiladuthurai",
    "Nagapattinam",
    "Namakkal",
    "Nilgiris",
    "Perambalur",
    "Pudukkottai",
    "Ramanathapuram",
    "Ranipet",
    "Salem",
    "Sivaganga",
    "Tenkasi",
    "Thanjavur",
    "Theni",
    "Thoothukudi",
    "Tiruchirappalli",
    "Tirunelveli",
    "Tirupattur",
    "Tirupur",
    "Tiruvallur",
    "Tiruvannamalai",
    "Tiruvarur",
    "Vellore",
    "Viluppuram",
    "Virudhunagar"
  ],
  "Telangana": [
    "Adilabad",
    "Hyderabad",
    "Jagtial",
    "Jangaon",
    "Kamareddy",
    "Karimnagar",
    "Khammam",
    "Mahabubabad",
    "Mahbubnagar",
    "Mancherial",
    "Medak",
    "Mulugu",
    "Nagarkurnool",
    "Nalgonda",
    "Narayanpet",
    "Nirmal",
    "Nizamabad",
    "Peddapalli",
    "Ranga Reddy",
    "Sangareddy",
    "Siddipet",
    "Suryapet",
    "Vikarabad",
    "Wanaparthy",
    "Warangal Urban"
  ],
  "Tripura": [
    "Dhalai",
    "Gomati",
    "Khowai",
    "North Tripura",
    "Sepahijala",
    "South Tripura",
    "West Tripura"
  ],
  "Uttar Pradesh": [
    "Agra",
    "Aligarh",
    "Amethi",
    "Amroha",
    "Auraiya",
    "Ayodhya",
    "Azamgarh",
    "Bagpat",
    "Bahraich",
    "Ballia",
    "Balrampur",
    "Barabanki",
    "Bareilly",
    "Basti",
    "Bhadohi",
    "Bijnor",
    "Budaun",
    "Bulandshahr",
    "Chandauli",
    "Chitrakoot",
    "Deoria",
    "Etah",
    "Etawah",
    "Farrukhabad",
    "Firozabad",
    "Gautam Buddh Nagar",
    "Ghaziabad",
    "Ghazipur",
    "Gonda",
    "Gorakhpur",
    "Hapur",
    "Hardoi",
    "Hathras",
    "Jalaun",
    "Jaunpur",
    "Jhansi",
    "Kannauj",
    "Kanpur Dehat",
    "Kanpur Nagar",
    "Kasganj",
    "Kaushambi",
    "Kushinagar",
    "Lakhimpur Kheri",
    "Lucknow",
    "Mahoba",
    "Mainpuri",
    "Mathura",
    "Mau",
    "Meerut",
    "Mirzapur",
    "Moradabad",
    "Muzaffarnagar",
    "Pilibhit",
    "Prayagraj",
    "Raebareli",
    "Rampur",
    "Saharanpur",
    "Sambhal",
    "Sant Kabir Nagar",
    "Shahjahanpur",
    "Shamli",
    "Shravasti",
    "Siddharthnagar",
    "Sitapur",
    "Sonbhadra",
    "Sultanpur",
    "Unnao",
    "Varanasi"
  ],
  "Uttarakhand": [
    "Almora",
    "Bageshwar",
    "Chamoli",
    "Champawat",
    "Dehradun",
    "Haridwar",
    "Nainital",
    "Pithoragarh",
    "Rudraprayag",
    "Tehri Garhwal",
    "Udham Singh Nagar",
    "Uttarkashi"
  ],
  "West Bengal": [
    "Alipurduar",
    "Bankura",
    "Cooch Behar",
    "Dakshin Dinajpur",
    "Darjeeling",
    "Howrah",
    "Jalpaiguri",
    "Jhargram",
    "Kalimpong",
    "Kolkata",
    "Maldah",
    "Murshidabad",
    "Nadia",
    "North 24 Parganas",
    "Purulia",
    "South 24 Parganas",
    "Uttar Dinajpur"
  ]
}
